VOTERPRE2012,PctPoorPersons_1980,PctPoorPersons_1990,PctPoorPersons_2000,PctPoorPersons_2011_15,PctPoorChildren_1990,PctPoorChildren_2000,PctPoorChildren_2011_15,PctPoorElderly_1990,PctPoorElderly_2000,PctPoorElderly_2011_15,PctUnemployed_1980,PctUnemployed_1990,PctUnemployed_2000,PctUnemployed_2011_15,Pct16andOverEmployed_1980,Pct16andOverEmployed_1990,Pct16andOverEmployed_2000,Pct16andOverEmployed_2011_15,Pct25andOverWoutHS_1980,Pct25andOverWoutHS_1990,Pct25andOverWoutHS_2000,Pct25andOverWoutHS_2011_15,PctHshldPhone_2000,PctHshldPhone_2011_15,PctHshldCar_2000,PctHshldCar_2011_15,AvgFamilyIncAdj_1980,AvgFamilyIncAdj_1990,AvgFamilyIncAdj_2000,AvgFamilyIncAdj_2011_15,PctChgAvgFamilyIncAdj_1980_1990,PctChgAvgFamilyIncAdj_1990_2000,PctChgAvgFamilyIncA_2000_2011_15,fs_client_2000,fs_client_2001,fs_client_2002,fs_client_2003,fs_client_2004,fs_client_2005,fs_client_2006,fs_client_2007,fs_client_2008,fs_client_2009,fs_client_2010,fs_client_2011,fs_client_2012,fs_client_2013,fs_client_2014,fs_client_2015,fs_client_2016,tanf_client_2000,tanf_client_2001,tanf_client_2002,tanf_client_2003,tanf_client_2004,tanf_client_2005,tanf_client_2006,tanf_client_2007,tanf_client_2008,tanf_client_2009,tanf_client_2010,tanf_client_2011,tanf_client_2012,tanf_client_2013,tanf_client_2014,tanf_client_2015,tanf_client_2016,Rate_crimes_pt1_violent_2000,Rate_crimes_pt1_violent_2001,Rate_crimes_pt1_violent_2002,Rate_crimes_pt1_violent_2003,Rate_crimes_pt1_violent_2004,Rate_crimes_pt1_violent_2005,Rate_crimes_pt1_violent_2006,Rate_crimes_pt1_violent_2007,Rate_crimes_pt1_violent_2008,Rate_crimes_pt1_violent_2009,Rate_crimes_pt1_violent_2010,Rate_crimes_pt1_violent_2011,Rate_crimes_pt1_violent_2012,Rate_crimes_pt1_violent_2013,Rate_crimes_pt1_violent_2014,Rate_crimes_pt1_violent_2015,Rate_crimes_pt1_violent_2016,Rate_crimes_pt1_property_2000,Rate_crimes_pt1_property_2001,Rate_crimes_pt1_property_2002,Rate_crimes_pt1_property_2003,Rate_crimes_pt1_property_2004,Rate_crimes_pt1_property_2005,Rate_crimes_pt1_property_2006,Rate_crimes_pt1_property_2007,Rate_crimes_pt1_property_2008,Rate_crimes_pt1_property_2009,Rate_crimes_pt1_property_2010,Rate_crimes_pt1_property_2011,Rate_crimes_pt1_property_2012,Rate_crimes_pt1_property_2013,Rate_crimes_pt1_property_2014,Rate_crimes_pt1_property_2015,Rate_crimes_pt1_property_2016
Precinct 1,31,36,36,20,37,36,31,57,39,17,13,16,27,7.4,46,42,36,64,62,51,39,13,95,98,36,48,39162,41917,39066,91675,7,-6.8,135,2493,2355,2458,2844,2854,2870,2775,2609,2351,2335,2549,2791,2904,2901,2697,2639,2439,1054,1150,1218,1324,1368,1404,1258,1167,941,774,781,811,815,779,765,672,648,28,28,33,34,22,24,21,20,17,15,17,18,14,12,11,13,12,68,72,69,57,47,57,52,47,44,40,32,44,42,38,65,67,87
Precinct 2,20,40,54,38,35,56,0,7.3,17,0.8,2.9,5.8,60,8.5,52,52,31,37,7.3,2.6,3.8,3.4,99,97,24,23,82291,117411,40019,44428,43,-66,11,11,6,10,s,16,14,10,36,49,39,45,48,37,41,11,11,7,s,s,0,0,7,5,s,23,27,19,25,33,27,24,11,0,s,7.5,7.8,5.5,5.3,5.4,3.2,2.9,2.3,4.2,4.2,3.3,5.1,3.1,3.1,3.4,3.6,3.3,107,82,72,66,53,57,43,35,37,34,32,36,42,37,52,50,41
Precinct 3,10,16,25,22,0,0,0,9.4,12,16,2.6,3.4,4.5,2.9,69,62,55,60,5.1,6.6,6,3.4,100,98,49,36,179541,251384,320413,248284,40,27,-23,52,43,29,25,21,22,33,39,34,34,50,57,62,65,76,121,126,s,s,0,s,s,0,s,s,5,s,s,s,5,s,s,15,7,3,3.5,3.8,3.4,1.8,2.1,0.7,1.5,2.2,1.5,2.1,1.5,2.3,1.2,0.5,2.3,2,23,20,20,22,22,15,15,15,14,14,14,18,12,13,18,18,17
Precinct 4,12,13,15,19,7.1,12,32,9.8,8.6,8.2,3.2,3.1,2.1,2.8,77,78,73,71,7.4,3.5,4.6,2.4,99,98,46,46,113496,183625,191732,196747,62,4.4,2.6,10,10,8,7,9,9,11,11,9,9,14,16,24,25,25,28,32,0,0,s,s,s,s,s,0,0,0,s,s,s,s,s,s,7,11,9.1,10,9.8,6,5.7,5.7,3.6,4.5,7.9,4,3.4,4.9,2.7,2.5,2.7,4.6,165,124,108,92,70,67,58,54,61,48,41,47,47,45,44,58,45
Precinct 5,9.4,9.2,5.2,3.6,12,2.6,0,9.6,2.2,2.6,2,1.4,1.9,4.2,71,72,72,74,5.9,5.6,1.9,0,100,98,79,73,253253,272769,363441,370028,7.7,33,1.8,5,8,6,5,6,6,6,10,9,13,16,27,25,24,24,18,0,0,s,s,s,s,0,0,s,s,s,s,s,s,s,s,s,0,12,11,11,11,8.6,8.2,10,8.7,6,6.8,8.6,6.5,4.5,4.5,3.7,3.7,4.9,89,86,71,83,78,87,64,69,73,79,65,77,71,79,79,76,70
Precinct 6,18,20,23,21,7.6,8.1,1.4,12,15,5.3,1.5,2.4,2.2,4.8,65,64,62,50,6.1,3.1,2.2,2.4,100,97,83,80,144618,232796,251775,246504,61,8.2,-2.1,8,8,11,10,11,17,12,22,16,22,24,34,38,30,34,37,0,6,s,5,s,7,6,s,s,s,s,5,8,5,s,s,s,0,5.9,5.7,5.1,4.8,5.2,4,4.8,6.2,3.8,3.1,4.8,3.5,2.3,2.4,2.9,2.5,2.4,53,53,42,37,41,39,40,45,46,41,40,41,46,44,54,54,48
Precinct 7,12,9.6,13,14,9.8,5.7,1.1,3,3.3,0,4.7,1.7,1.5,4.2,72,73,70,65,5.1,2.7,2,3.2,100,94,93,90,154764,184393,226981,245661,19,23,8.2,s,s,5,5,5,6,s,s,s,5,7,14,14,20,21,23,0,s,0,0,0,0,s,0,0,0,0,0,s,0,0,0,0,0,1.1,1.4,3.2,2.5,0.7,1.8,0.7,1.8,0.4,1.7,1.7,1.4,1.4,1,0,0,0.7,31,16,14,33,13,12,14,14,19,19,31,16,13,14,10,8.7,14
Precinct 8,5.2,6.3,5.2,7.8,2.6,2.3,1.6,4.1,0.5,1.6,3.1,2.2,24,4.6,58,63,56,57,7.1,5.7,2.3,1.6,100,98,90,93,190122,266833,303238,361917,40,14,19,7,6,s,8,7,9,5,s,7,9,7,16,36,35,29,31,0,s,s,s,s,s,s,0,0,0,0,s,s,10,11,5,5,0,0.9,0.5,0.4,0.2,0.5,0,0.5,0.2,0.4,0.4,0.2,0.4,0.4,0.2,0.4,0.7,0.7,15,15,12,14,9,11,11,11,8.7,13,12,12,9.9,13,9.9,8.2,14
Precinct 9,5.1,4.7,4.4,11,1.9,0,1.7,0,1.4,2.3,2.5,2.1,59,9.6,53,64,33,38,6.2,5.1,1.9,2.3,100,99,97,92,223606,325727,416548,393252,46,28,-5.6,s,s,s,s,s,s,s,s,s,s,s,5,13,12,12,18,0,s,s,s,s,s,s,0,0,0,0,0,s,s,s,s,0,0,1,1.9,0.7,0.3,0.5,0.3,1.4,0.3,0.5,0.2,0.2,0.2,0.2,0.2,0.2,0.9,0.9,24,20,20,19,14,13,9.8,10,8.6,9.3,10,7.7,10,15,9.1,9.5,6.3
Precinct 10,6.5,8.3,11,17,5.5,4.7,3.2,3,0.4,3.3,3.4,2.8,14,5.1,57,65,61,59,9.7,4,1.8,2.3,99,97,82,85,195116,251824,231220,323605,29,-8.2,40,13,10,9,13,16,12,9,9,9,18,21,29,39,37,37,35,13,6,s,s,5,6,s,s,s,s,s,s,s,5,7,s,s,s,0.8,1,0.8,0,0.7,0.8,0.5,0.7,0.3,0.5,0.5,0.5,0.5,0.4,0.4,0.2,0.2,20,18,16,12,17,14,12,13,18,17,15,15,11,12,14,18,12
Precinct 11,15,15,17,14,9.1,17,0.3,3.2,7.3,4.4,3,2.8,2.5,3.6,70,74,74,77,7.3,6.1,3.1,2.3,100,94,77,75,97454,125615,140447,181112,29,12,29,35,32,32,28,34,36,41,37,39,56,63,62,80,73,85,86,0,11,12,7,5,6,7,9,9,8,13,9,6,s,5,5,7,0,1.7,1.7,1.7,1.1,1.6,1.8,0.8,1.3,1.6,1.6,0.8,1.5,1.2,0.7,1.2,0.4,0.8,12,19,13,14,13,14,14,12,14,14,15,11,14,12,17,20,15
Precinct 12,9.1,4,3.1,9.2,2.5,0,5.7,7.1,0.4,2.4,1.2,2.2,0.5,2.1,63,74,65,63,10,8.2,1.3,2.4,100,100,93,87,214015,305550,444322,435446,43,45,-2,8,5,6,s,s,7,9,8,s,5,s,8,6,8,6,7,0,0,0,0,0,0,0,s,s,0,0,0,s,s,s,s,s,0,4.9,6.5,3.3,3.3,3.2,2.4,0.8,5.6,1.6,1.6,5.6,4,0,0,0,4,0.8,71,61,40,39,38,48,54,38,38,49,45,47,27,19,34,13,30
Precinct 13,8.2,4.9,3.6,5.7,4.8,4.3,1.8,1.5,1.8,3.6,4.4,2.8,1.2,2.7,71,74,76,73,11,6.5,5.2,2.6,100,98,74,63,254017,249911,312741,216664,-1.6,25,-31,s,s,5,5,19,23,20,14,6,8,13,15,28,17,18,14,16,0,s,0,0,0,s,0,0,0,0,s,s,s,s,0,0,0,6.2,5.3,7.7,4,6,4,2,4.7,3.9,4.3,3.1,2.3,8.1,2.3,2.7,1.5,3.1,46,37,40,52,28,29,41,38,25,36,32,30,52,30,48,55,48
Precinct 14,15,11,10,14,5.7,9.1,20,8,5.4,5.1,4.1,3.2,1.8,2.8,76,81,80,78,13,5.9,6.1,1.2,99,96,50,50,95786,174448,172999,206400,82,-0.8,19,36,31,33,31,30,41,33,35,33,36,47,49,61,59,53,46,51,5,7,6,11,6,s,8,s,s,8,10,5,6,5,s,s,13,13,14,18,17,16,11,12,13,13,10,12,14,10,4.6,6.6,5.8,7.1,90,89,85,87,80,75,64,74,82,77,71,79,87,77,83,82,106
Precinct 15,13,12,8.5,8.1,27,9,0,11,11,6.9,4.4,1.6,2.8,1,79,85,86,84,14,12,6,0.8,99,96,45,40,78443,100607,200762,159752,28,100,-20,52,56,55,66,54,52,48,65,64,65,84,73,73,64,67,65,68,19,22,22,26,27,13,11,12,20,30,27,13,9,6,8,10,13,11,8.6,9.1,9.7,6.7,7.1,7.3,5.8,7.8,6.6,6.6,6.2,5.6,3.5,2.4,4.7,2.9,86,72,68,56,49,53,44,43,50,53,32,52,49,42,46,45,43
Precinct 16,23,21,22,8.1,19,42,0.2,30,43,21,4.1,8.2,6,2.8,65,71,71,86,29,18,20,6.3,98,97,45,55,62057,78351,78524,190692,26,0.2,143,305,294,310,331,327,338,333,324,318,344,397,448,452,478,450,430,393,103,108,113,119,121,113,102,97,75,85,99,93,79,66,50,51,47,13,22,17,12,11,14,12,13,13,13,11,10,9.5,8.1,5.2,7.3,4.6,81,77,89,79,65,64,75,73,76,78,69,73,78,66,73,76,90
Precinct 17,24,23,24,12,20,40,7.4,29,40,28,5.5,7.9,6.4,3.7,59,66,67,79,33,24,24,11,96,98,43,43,63614,66520,75076,141210,4.6,13,88,605,560,582,605,586,646,723,763,781,731,815,938,1003,1074,979,938,849,177,191,220,200,196,181,167,144,118,123,133,130,114,105,91,86,80,21,21,16,18,17,16,17,14,15,10,12,17,14,9.7,8.4,9.3,9.7,197,156,163,129,106,100,99,101,107,104,86,85,101,93,105,102,103
Precinct 18,32,26,25,20,26,24,29,43,33,35,9.4,11,12,4.1,45,57,53,74,56,45,35,14,96,98,54,54,41330,55449,55796,89129,34,0.6,60,891,881,916,957,998,1001,993,985,927,989,1128,1229,1257,1221,1108,1120,1066,443,459,483,485,486,449,391,385,332,342,336,326,329,314,285,270,256,21,26,20,19,19,20,21,23,15,16,19,16,13,17,13,10,10,56,64,65,65,74,53,56,55,60,49,47,55,69,76,88,79,96
Precinct 19,30,19,21,13,23,28,26,20,19,14,13,12,19,9.4,43,57,48,70,59,38,29,8.8,95,97,59,74,45303,65593,64321,116535,45,-1.9,81,1007,946,897,913,953,918,854,776,828,927,990,1080,1022,989,888,833,763,587,522,482,430,463,434,384,310,322,346,338,335,289,282,282,231,205,29,27,27,29,22,20,19,18,16,18,20,16,20,15,15,16,18,42,45,46,58,50,39,35,58,49,52,41,49,75,52,64,64,67
Precinct 20,22,30,40,19,27,60,21,38,38,15,8.6,7.5,16,10,39,38,39,47,51,43,37,13,95,96,38,58,47506,46988,41577,92614,-1.1,-12,123,375,352,344,360,369,350,317,319,303,337,377,392,406,400,364,382,360,206,170,183,171,189,182,126,142,134,123,117,106,98,103,106,84,75,14,14,17,13,12,11,15,17,13,10,12,11,9.5,11,9.8,7.6,7.6,42,53,48,78,44,56,45,33,30,23,27,28,39,29,31,30,28
Precinct 21,31,35,34,18,45,45,28,51,44,19,14,14,14,7.1,44,55,49,71,56,39,38,14,97,95,48,61,41576,48186,48084,83805,16,-0.2,74,302,319,335,333,325,356,346,331,301,335,373,418,405,413,380,383,348,160,172,169,179,175,183,154,155,131,128,115,109,105,97,85,76,68,27,25,28,25,27,25,25,24,10,17,18,20,12,15,13,15,9.2,67,60,71,58,59,60,42,44,51,49,30,42,61,46,58,69,73
Precinct 22,29,19,20,13,23,33,28,28,39,37,9.5,8.6,4.7,4.8,49,61,66,82,42,33,27,7.1,97,97,51,58,51401,68861,87439,170620,34,27,95,373,325,321,304,302,291,272,246,251,279,353,396,400,381,351,312,269,179,163,136,141,148,126,105,93,83,78,86,66,71,76,64,57,42,41,35,32,34,27,28,28,24,22,21,18,29,19,19,13,11,11,160,126,127,122,106,94,112,100,97,111,87,90,107,100,110,106,132
Precinct 23,37,36,31,14,53,37,23,42,40,35,12,12,8.3,8.2,50,53,57,76,51,46,43,10,95,96,40,53,40547,43160,48802,87812,6.4,13,80,740,684,713,746,677,698,657,648,646,713,828,932,943,1007,937,915,877,390,384,409,403,361,340,296,264,275,288,289,303,292,297,265,229,214,17,22,24,24,16,18,18,14,14,12,11,12,8.7,9.2,7.4,9,7.6,41,50,53,50,51,39,42,42,46,37,31,45,39,44,60,49,58
Precinct 24,23,16,19,10,33,47,15,26,18,2.2,8.1,5.8,4.5,5.7,67,75,74,77,30,24,21,10,99,96,52,56,54415,61661,87244,143435,13,41,64,260,248,263,263,261,247,256,256,228,262,313,384,408,410,369,356,340,127,138,134,124,97,87,73,73,71,70,82,96,84,80,66,73,71,14,16,22,16,18,17,14,13,19,14,12,15,7,9.8,4,4,5.4,67,97,84,85,53,58,64,62,57,53,38,57,48,48,53,44,34
Precinct 25,12,7,5.2,4.2,16,1.2,0,13,2.8,5.5,3.6,2.5,1.5,2.9,75,81,85,83,17,11,6,1.8,99,98,67,57,96371,122751,195703,198443,27,59,1.4,58,51,59,67,75,68,57,53,60,72,84,91,108,116,92,92,94,28,18,20,19,21,17,16,10,11,13,6,9,6,14,12,15,23,6.5,10,10,11,9.7,9.5,9.5,11,9.7,8,8.6,7.3,8.6,9.5,5.5,7.8,4.1,49,46,60,54,38,40,40,46,40,39,39,39,48,45,47,42,44
Precinct 26,7.1,3.7,4.7,4,0.3,0,5.5,5.6,5.1,1.6,3.6,2.9,1.9,2.1,71,77,78,79,8.4,5,4.7,2.4,100,100,76,70,157226,192424,229374,266977,22,19,16,10,8,9,12,16,14,13,16,12,19,24,21,18,23,27,31,0,s,s,s,6,s,s,s,s,s,0,s,s,s,s,s,s,0,3.2,5.2,4,1.8,3.5,3.4,4,2.1,2.9,2.3,2.2,1.4,3.1,2,3.1,1,1.8,54,38,36,39,33,25,24,21,26,33,22,30,30,25,23,33,33
Precinct 27,6.6,4.5,4.8,8.9,0,0.9,7.3,6.3,4.8,0,2.9,2.7,0.9,3,63,65,63,71,11,10,13,2.1,99,99,81,81,163875,327343,294290,300585,100,-10,2.1,19,19,19,12,15,18,15,9,12,9,17,24,28,32,36,33,0,s,7,8,5,s,s,s,0,0,s,5,s,0,s,s,0,0,2.5,3,3,2.8,1.4,1.4,1.2,1,1.7,2.3,1.8,2.8,1.3,2,1.3,0.5,2,28,29,24,33,23,19,17,21,30,31,31,30,30,24,26,33,24
Precinct 28,9.1,5,5.8,10,3.1,0,8.7,2.6,4.1,5.7,2.6,3.1,3.9,3.9,58,62,64,63,7.1,6.2,4,3.4,100,96,76,79,159511,232234,180070,179738,46,-22,-0.2,18,11,16,13,15,15,14,11,15,27,38,52,64,70,67,69,0,5,s,s,s,5,s,s,s,5,5,0,s,7,s,0,0,0,1.6,0.5,2,0.4,0.7,0.7,0.4,0.4,0.2,0.6,0.2,0.2,0.6,0.2,0.2,0.4,0.8,21,20,16,15,17,19,15,9.8,10,9.2,12,8.4,16,16,14,9.5,8.2
Precinct 29,11,7.2,15,24,0,4.9,2.5,5.9,1.5,5.7,3.8,2.6,2.1,4.6,59,71,69,72,12,5.7,4.9,4,99,96,77,77,132145,187529,163731,201860,42,-13,23,6,5,5,6,7,5,s,s,s,9,10,12,12,12,11,13,10,s,s,s,s,s,0,s,s,s,s,s,s,s,s,s,s,s,4,3.9,0.9,1.4,2.7,1.3,1.7,2,1.2,1.2,0.7,2.6,1.9,0.7,1.5,1.1,0.7,34,40,29,30,28,23,22,25,20,26,16,17,24,15,15,19,18
Precinct 30,6.6,7.2,5.1,5.5,2.6,1.5,0.9,5.2,3.3,4.1,2.5,2.7,2.8,2.4,56,69,72,63,16,5.3,3.3,1.2,100,99,86,87,127681,164240,226540,198761,29,38,-12,s,s,s,s,s,7,8,7,8,11,15,18,13,16,17,22,25,0,0,0,0,0,s,s,0,0,0,0,s,s,s,s,s,s,3.8,3.3,4.8,3.5,2.6,3.7,1.4,4.2,3.8,1.7,1.6,2,1.3,1.3,1.3,2,1,37,35,28,27,22,22,12,29,40,30,33,31,21,26,27,18,15
Precinct 31,6.5,7.2,4.6,4.7,2.6,1.4,0.9,5.2,3.4,4,2.4,2.7,2.8,2.3,56,68,72,63,16,5.4,3.4,1.1,100,100,87,88,128000,165279,229532,199554,29,39,-13,6,7,7,6,7,12,14,12,12,17,24,29,21,26,28,36,41,0,0,0,0,0,s,s,0,0,0,0,s,s,s,s,s,s,4.5,5.7,4.3,3.5,3.7,2.7,1.9,4.5,3,4.8,4.2,4.5,2.7,2.2,2,2,3.6,48,41,41,44,43,36,37,69,77,70,59,59,61,83,71,74,64
Precinct 32,5,5.5,2,4,1.1,0,0,7.9,10,0,2.2,2.8,1.3,3.5,65,67,73,66,8.7,5,4.4,0.7,99,99,88,86,146891,221866,259148,255862,51,17,-1.3,33,27,31,28,32,35,45,47,44,51,62,72,80,89,84,104,98,s,0,8,s,0,0,s,s,8,8,7,10,6,6,9,5,5,7.5,9.5,8.5,6.8,5.7,4.9,8,5.3,3.3,4.6,5.6,2.6,3,3,4.3,3.3,4.1,76,63,70,78,73,57,44,33,41,50,40,37,52,67,54,51,42
Precinct 33,4.2,5.1,7,5.1,0,3.5,0,3.2,9,9,2.7,3,1.6,1.7,69,74,79,74,8.9,6.8,4.6,2.1,100,99,77,69,118541,158280,198746,195113,34,26,-1.8,11,13,17,21,19,14,19,25,21,36,39,36,49,55,41,50,70,0,5,8,5,s,s,s,6,s,s,9,6,13,9,7,8,8,2.8,3.2,1.6,2,0.8,0.8,0.6,2,1.9,2.9,1.4,1.4,2.3,0.8,2.3,3.1,2.3,20,22,23,17,20,18,12,25,28,27,21,24,32,32,38,39,27
Precinct 34,6.4,2.8,4.3,11,0,3.7,5.2,3.1,5.1,6.8,2.9,0.9,2.1,3.6,66,74,75,77,11,5.7,1.6,0.8,99,97,67,63,131226,173821,170395,194520,32,-2,14,14,15,17,10,13,13,17,16,15,16,21,37,37,35,42,45,35,s,s,s,s,0,s,s,s,s,s,0,0,0,0,0,0,0,3.4,4.9,4.1,2,2.3,3.1,2.3,1.2,1.4,1.6,2.2,0.7,0.4,1.3,0.6,0.6,0.4,44,34,36,40,30,27,24,17,18,20,18,18,7.4,13,12,12,8.8
Precinct 35,17,12,11,10,18,24,5,11,10,9.9,7.8,3.3,3.6,8.5,75,80,78,78,24,20,13,3.8,99,96,55,53,59545,73691,89070,157043,24,21,76,238,239,227,232,229,212,211,209,184,234,262,318,331,335,305,310,291,95,88,84,74,64,55,44,44,41,57,60,61,44,55,50,53,46,8.5,13,18,15,16,14,12,15,8.5,10,9.8,10,12,9.1,4.8,8,6.1,46,52,45,57,43,40,50,39,35,29,32,37,39,49,48,38,42
Precinct 36,33,35,32,17,50,40,31,45,37,35,10,10,8.4,7.5,52,55,57,75,50,49,48,15,94,96,39,47,42143,44860,52930,78277,6.4,18,48,1437,1328,1306,1319,1276,1322,1259,1247,1274,1423,1669,1871,1909,1987,1845,1831,1737,756,741,742,700,678,647,572,530,554,592,599,611,592,578,519,453,432,11,14,12,16,14,15,15,12,13,8.6,8.9,13,9,10,8.7,9.5,8.8,30,37,43,35,26,29,35,41,37,33,31,38,33,46,46,40,31
Precinct 37,23,29,33,19,32,43,34,35,31,32,9.6,11,12,10,43,44,46,53,55,48,42,20,96,97,42,58,49420,49990,45857,82120,1.2,-8.3,79,739,738,725,772,782,790,741,700,659,757,905,1081,1100,1111,1018,1000,918,421,397,388,378,398,393,313,290,288,282,289,278,282,273,248,210,181,22,28,19,17,16,23,21,17,22,19,16,12,16,15,14,10,11,87,90,79,91,79,68,65,59,73,60,44,53,69,74,80,73,115
Precinct 38,15,21,21,14,23,32,21,18,13,12,8.3,13,17,6.8,50,49,51,68,49,43,42,23,95,97,55,67,57511,54475,57969,94037,-5.3,6.4,62,742,767,792,836,821,872,790,710,649,811,988,1082,1100,1134,1044,1015,914,459,504,513,501,478,480,378,336,290,314,360,325,298,287,263,246,201,29,19,32,34,23,15,22,21,24,20,19,13,13,18,9.7,13,9.9,61,53,55,58,59,47,50,47,51,46,43,47,55,57,61,58,51
Precinct 39,21,21,26,15,33,36,28,39,36,21,6.6,6.9,8.1,4.9,63,69,65,75,37,35,37,12,94,98,53,53,60995,64397,80320,112365,5.6,25,40,855,817,725,696,743,765,738,735,753,882,1038,1174,1213,1211,1134,1147,1090,441,426,381,338,381,346,319,321,320,338,365,354,330,316,282,245,255,16,14,23,27,16,24,17,25,25,20,21,22,19,16,14,13,12,47,57,62,57,39,38,56,65,68,71,81,82,97,93,111,107,85
Precinct 40,19,14,17,14,23,32,23,13,19,18,5.5,5,5.8,6.2,68,73,68,74,22,25,28,9.9,97,96,56,48,78024,82347,87362,115167,5.5,6.1,32,359,324,311,312,322,295,305,330,320,432,533,647,671,705,656,671,706,113,120,122,126,121,92,92,111,82,98,118,114,122,99,89,99,122,6.7,7.4,7,8.1,7.3,7.1,7.2,6.3,5.6,5.8,4.9,5,3.4,6.9,3.1,3,3.5,34,33,44,37,26,23,36,21,26,27,18,22,21,34,34,30,21
Precinct 41,24,25,29,18,28,34,29,37,31,37,7.9,7,10,7.8,56,67,54,74,48,55,53,23,90,97,40,43,48151,48694,52855,55363,1.1,8.5,4.7,1037,954,834,794,861,894,889,881,925,1055,1294,1454,1529,1530,1419,1475,1382,517,498,446,381,419,425,391,377,392,426,432,421,421,364,325,316,310,20,9.7,19,22,20,19,22,24,20,20,14,16,13,13,10,13,8.9,37,35,38,38,38,32,40,39,34,41,36,40,39,40,43,45,33
Precinct 42,22,12,20,7.5,10,23,13,17,29,3.4,10,7.3,14,5.3,48,60,55,81,50,42,48,14,91,97,52,61,61177,56832,70681,106565,-7.1,24,51,349,335,310,306,316,327,300,257,252,324,458,541,540,542,510,498,460,190,190,178,167,165,155,124,112,95,97,126,130,122,107,91,85,88,16,14,15,22,19,15,17,14,13,16,11,10,12,12,4.5,8,5.9,35,41,41,41,41,28,42,40,38,46,44,48,51,83,62,60,63
Precinct 43,14,20,23,15,23,35,21,17,14,11,8.2,14,16,7.2,49,49,50,66,46,41,41,25,95,97,54,65,57614,55194,57867,96850,-4.2,4.8,67,436,456,471,503,489,522,473,433,401,497,601,647,653,666,612,586,516,267,296,308,313,291,294,235,216,182,201,219,197,181,181,167,147,118,22,21,27,36,32,24,32,26,26,23,16,15,18,15,10,14,5,46,48,54,59,64,51,55,52,38,61,75,65,83,92,83,95,87
Precinct 44,17,13,17,22,9.1,9.3,24,14,8.5,23,5.6,9.2,25,8.6,42,33,48,50,36,22,17,13,98,89,74,70,60283,73111,71064,60398,21,-2.8,-15,257,236,254,324,366,423,391,427,467,521,659,794,846,877,848,962,919,136,141,147,186,184,180,144,163,181,199,210,234,214,211,205,212,183,7.8,9.6,7.8,18,8.6,11,12,6.1,8.6,7.9,6.6,5.1,5.6,4.9,6.1,6.6,5.1,41,66,62,58,54,48,37,37,41,29,26,19,21,27,31,24,17
Precinct 45,11,9,16,8.8,5.4,25,7.4,16,16,7.3,4.2,8.7,11,9.5,55,60,50,66,44,38,31,12,97,98,69,79,73784,76733,81027,104544,4,5.6,29,390,344,345,399,419,418,440,442,458,569,657,730,752,747,656,657,572,221,190,225,228,238,229,213,190,187,211,222,213,235,215,176,172,152,9.6,13,12,11,13,13,15,15,15,16,11,7.2,5.6,6.9,3.3,6.2,3.9,35,39,43,35,35,29,24,42,34,41,45,18,27,33,28,27,20
Precinct 46,10,9.3,16,10,7.4,25,10,17,16,8.9,4.7,8.6,9.7,10,56,60,51,65,44,37,31,13,97,98,70,79,75097,77069,83551,103298,2.6,8.4,24,557,499,507,559,583,595,622,613,658,804,937,1062,1099,1102,992,994,872,318,284,328,321,329,321,306,267,268,296,303,310,337,311,263,254,225,10,5.3,15,16,8.6,12,11,17,14,13,15,8,7.7,12,12,5.7,6.5,36,35,49,40,30,35,31,28,27,31,24,25,30,33,28,25,21
Precinct 47,17,14,17,13,17,24,20,12,8,8.8,4.6,6.8,6.5,6.2,56,64,55,73,37,31,36,19,98,99,61,63,86940,86180,83279,136049,-0.9,-3.4,63,524,437,468,523,556,606,606,588,581,816,1099,1337,1519,1549,1371,1426,1315,298,261,263,252,246,299,266,219,212,244,297,304,339,328,291,259,221,17,11,15,14,13,16,14,12,14,12,11,13,12,14,11,10,8.2,49,39,51,43,44,31,36,30,32,30,27,34,37,48,55,52,60
Precinct 48,10,7.3,11,16,2.4,9.2,20,11,14,27,4.3,5.1,7.5,9,58,62,56,62,31,27,22,14,99,98,74,75,109560,110490,137838,148384,0.8,25,7.7,279,277,254,295,340,330,353,357,361,469,568,659,737,717,643,637,629,122,120,99,110,139,122,133,125,109,123,135,160,173,157,142,137,142,12,8,13,14,15,8.8,12,15,9.6,12,8.8,5.4,8.3,11,6.6,9.2,9.2,49,53,56,45,40,40,33,36,38,35,29,38,46,45,59,47,34
Precinct 49,17,14,18,13,15,24,19,13,11,11,5,8.5,8,7.2,54,61,53,72,42,37,40,19,97,98,58,62,65993,65612,61395,112129,-0.6,-6.4,83,138,117,122,140,148,157,160,161,157,214,279,332,368,371,326,335,304,77,67,71,71,72,81,72,62,60,70,84,82,92,88,76,68,59,16,9.8,4,10,15,20,13,23,24,21,19,20,15,18,11,9,11,47,29,41,23,34,30,28,45,30,44,67,65,60,65,73,71,55
Precinct 50,8.2,4.3,5.8,8.2,0.8,1.9,2.5,7.5,13,5.1,1.9,3.3,3.4,4.1,61,67,63,67,13,5.7,8.7,4.8,99,97,78,77,123408,183797,242829,270315,49,32,11,23,17,15,18,22,23,26,18,19,23,36,36,46,57,53,59,58,0,0,0,s,s,s,s,s,s,s,5,s,s,s,s,s,s,2.6,3.3,2.8,2.6,2.6,1.8,2.1,0.3,1,1.3,0.3,1,1.3,0.5,0.8,0.5,0,23,22,21,24,24,19,15,10,10,12,13,14,18,24,14,13,15
Precinct 51,3.5,2.3,1.7,2.3,1.2,0.1,0.8,3.7,3.7,0.5,3,2.2,2,3,57,64,64,65,6.2,3.3,2.3,1.3,100,99,90,96,148996,179051,216675,246153,20,21,14,s,8,6,7,10,6,5,7,7,9,15,25,29,30,22,31,21,s,s,s,0,s,0,s,s,0,0,s,s,s,6,s,5,0,0.7,1.1,0,0.5,0.5,0.2,0.5,0.2,0.5,0,0.7,1,0,0,0.9,0.2,0.7,16,17,14,15,11,12,8.4,10,10,19,13,12,9.7,12,20,11,14
Precinct 52,7,5.5,10,7.4,0.4,2.6,4.2,15,26,2.3,2.2,2.4,1.9,3,60,65,46,67,11,8.1,14,7.2,98,99,78,80,130915,163525,176600,239167,25,8,35,12,9,8,10,12,12,14,10,11,13,20,21,26,32,29,34,32,0,0,0,s,s,s,s,s,s,s,s,s,s,s,s,s,s,0.6,1.3,0.3,0.7,2.2,0.4,0,1.2,0.8,0,0.5,1.8,0.9,0.5,1.4,0.5,0.5,15,14,13,20,8.1,15,11,14,14,23,21,17,15,33,21,17,15
Precinct 53,9.1,15,17,6.8,21,15,3.1,23,20,13,6.7,6,3,7.5,66,68,56,62,21,27,26,21,97,96,61,68,81470,95964,106284,129112,18,11,21,175,184,140,188,199,189,189,210,218,302,392,459,498,535,516,531,516,81,95,75,86,103,92,71,66,79,109,114,123,128,113,84,79,79,7.6,5.3,7.7,13,16,11,10,14,14,8.1,10,3.8,7.3,8.5,8.5,7.3,7.3,30,38,48,40,40,50,33,33,30,23,32,34,32,30,38,26,27
Precinct 54,10,7.1,9.6,13,7,11,18,16,12,6,6.5,8.1,7.2,11,58,64,56,65,33,32,23,14,100,99,76,85,80495,87680,100676,121171,8.9,15,20,301,256,261,276,289,351,339,333,386,519,669,774,826,827,761,733,683,139,124,123,135,129,149,128,124,136,172,195,184,180,182,144,141,136,10,5.7,9.1,17,14,10,9.6,16,15,14,13,7.9,17,9.8,18,19,12,57,43,46,49,54,43,29,46,40,33,32,37,46,52,63,52,48
Precinct 55,8.8,11,14,16,13,19,18,17,16,17,5.9,8.9,6.5,14,58,58,54,60,41,31,30,15,98,96,70,73,74434,74510,75349,92896,0.1,1.1,23,484,464,449,458,477,528,544,558,607,740,924,1097,1152,1147,1098,1066,953,265,264,275,255,254,271,268,237,246,271,307,357,366,355,324,278,254,5.7,10,9.3,8,8.8,9.1,8.5,11,12,13,14,8.6,11,12,11,6.7,7.5,26,29,44,32,24,24,23,24,26,24,24,24,22,33,27,22,18
Precinct 56,12,12,17,15,19,26,27,15,15,14,8.2,8,8.5,11,60,59,52,64,43,33,29,16,99,97,65,67,69784,68242,68870,80397,-2.2,0.9,17,706,662,641,695,781,829,869,848,909,1217,1460,1683,1809,1820,1683,1742,1515,377,391,402,383,421,408,427,393,409,467,502,527,584,561,486,469,415,16,13,14,22,18,14,14,17,15,17,17,11,13,11,11,13,6.3,48,36,41,33,33,35,31,33,29,27,29,29,25,26,27,27,24
Precinct 57,11,8.2,11,21,9.4,14,34,13,9,18,8.6,6.4,10,12,57,61,52,60,38,28,26,10,98,94,65,72,72792,75036,70546,81037,3.1,-6,15,541,482,490,551,567,599,616,611,686,809,1023,1177,1251,1279,1148,1156,1066,302,293,298,304,291,288,280,266,292,327,370,395,390,382,326,262,248,12,11,14,16,12,15,12,14,15,13,14,9,13,11,12,11,6.8,33,39,43,37,29,28,28,35,25,32,35,31,27,36,36,38,23
Precinct 58,8.6,9.2,14,12,13,23,25,11,9.9,13,7.1,6.7,7.1,9.4,59,60,53,63,38,29,25,13,99,98,73,75,79203,81625,81216,86330,3.1,-0.5,6.3,348,323,314,347,403,428,444,449,492,643,766,878,936,932,880,895,778,184,194,201,191,211,199,201,197,210,231,254,271,294,276,246,243,208,11,7,6.2,12,11,11,9.7,12,9.7,8.8,10,7,14,11,6.7,7,4.1,38,29,37,38,30,43,35,23,16,24,23,23,22,35,27,20,26
Precinct 59,5.5,6.1,11,10,6.4,17,20,8.3,7.3,15,5.8,5.8,5.5,8.8,57,59,55,61,34,24,23,8,99,98,80,85,87009,93939,92146,95125,8,-1.9,3.2,262,239,240,271,320,345,355,386,435,531,632,728,760,744,727,710,620,141,148,157,150,161,149,141,151,166,171,198,221,226,203,192,193,158,11,5.2,11,12,14,9.6,8.7,8.2,11,13,9.1,10,9.7,8.2,7.3,7.9,5.8,37,37,45,47,30,37,25,34,39,35,44,51,37,39,50,57,49
Precinct 60,10,9.3,15,15,11,21,19,13,15,16,5.6,6.5,8,8.6,67,68,60,64,25,24,27,21,98,98,64,73,85911,79859,73903,72222,-7,-7.5,-2.3,306,312,305,365,401,420,480,459,504,671,928,1220,1415,1427,1342,1464,1476,142,143,147,159,155,176,209,166,191,226,251,283,332,303,306,307,279,6.9,9,12,15,11,11,9.2,16,10,8.7,7.9,6.1,12,5.9,5.9,11,8.1,31,36,39,35,30,23,16,26,26,22,20,22,25,31,61,56,41
Precinct 61,10,9.4,15,15,11,22,20,13,14,16,5.3,6.3,7.8,8.9,68,68,61,64,26,25,27,21,98,98,64,73,83566,79005,73084,69737,-5.5,-7.5,-4.6,173,177,176,209,230,241,275,260,286,376,523,692,799,801,749,819,824,80,82,87,94,90,103,123,97,109,128,141,162,187,171,172,173,156,5.4,5.4,11,17,8.9,6.2,7.9,15,9.5,13,7.6,5.9,10,9.6,8.6,11,7.6,33,38,46,43,45,33,28,30,33,23,23,19,29,36,54,43,37
Precinct 62,3.3,2.4,5.1,5.2,0,6.9,3,3.8,5.6,6.8,5.3,3.8,3.8,9.1,71,72,67,61,10,6.4,3.5,3.1,99,97,90,95,160515,178584,184785,199221,11,3.5,7.8,75,70,76,90,93,109,105,132,146,208,245,272,295,302,301,314,312,34,34,40,41,46,61,42,53,57,64,57,73,81,90,95,90,97,4.5,5.4,3.5,6.8,5.1,5.1,5.6,6.3,7.3,3.5,6.5,3.2,6.5,7.4,3.5,3.7,5.6,36,41,40,46,30,31,27,36,34,43,34,35,49,40,58,45,36
Precinct 63,8.3,7.5,10,16,6.4,11,22,7.4,12,8.4,4.5,5.7,6.3,12,64,66,63,62,25,21,18,12,98,99,82,82,84563,98965,99079,101955,17,0.1,2.9,298,290,248,259,303,330,366,366,369,449,502,588,664,692,654,639,585,167,151,127,123,148,137,147,155,144,171,192,180,204,190,192,187,177,12,9.9,14,14,15,12,14,15,12,12,6.6,8.4,5.2,5.8,5.6,5.8,7.2,52,62,55,49,47,47,34,39,44,42,43,44,39,44,68,55,44
Precinct 64,7.2,6.2,7.4,11,7.6,8.2,20,10,7.1,9.9,5.6,5.5,7.8,13,60,60,52,61,31,25,18,11,99,98,78,80,85074,85850,88666,102140,0.9,3.3,15,248,222,228,259,295,304,310,294,342,421,498,585,607,612,563,556,518,141,130,136,146,160,152,140,133,147,159,173,181,185,167,151,140,136,6.6,8.7,9.8,12,8.4,12,10,9.8,11,9.1,8,7.7,8,6.6,5.2,4.5,4.9,40,45,61,45,40,39,39,44,37,35,47,42,36,41,50,53,33
Precinct 65,3.5,4.8,10,10,4.7,19,13,10,8.9,12,5.2,4.6,6.9,23,63,58,48,48,29,21,17,14,99,100,82,74,87838,84040,81241,87327,-4.3,-3.3,7.5,227,212,229,234,288,284,293,279,349,439,508,644,669,667,609,624,569,128,122,146,144,170,160,146,133,152,168,167,181,196,183,173,161,156,6.6,7.2,8.1,13,11,11,9.2,11,11,11,6.7,6.4,5.5,6.4,8.2,11,7.9,26,32,34,31,32,23,20,25,23,24,23,28,26,21,30,39,49
Precinct 66,6.1,2.8,5.7,6,2.4,9.9,0.7,3.9,5.5,12,6.5,4.9,6.3,19,66,61,53,56,26,21,20,9,99,99,86,80,83255,94483,84957,85163,13,-10,0.2,376,331,320,371,441,478,484,520,587,712,848,1055,1138,1137,1103,1122,1037,215,215,203,205,218,237,216,223,267,267,287,321,337,298,322,311,264,3.4,4,7,9.8,5.7,7.2,6.7,9.2,8.5,9,6.2,5.7,5.7,6.9,4.5,5.3,4,21,25,27,24,21,22,17,20,24,22,22,25,26,19,32,24,20
Precinct 67,7.7,5.2,9.6,10,3.6,8.3,7.2,8.2,9.3,13,4.1,5.2,10,11,60,64,51,52,23,18,14,6.7,99,99,86,88,89629,106963,94742,93945,19,-11,-0.8,152,145,147,172,206,220,228,249,274,335,406,511,522,503,490,474,427,107,99,94,94,92,106,105,97,114,112,147,176,162,163,158,138,130,5.2,6.3,6.3,2.8,3.6,4.1,7,5,4.2,4.5,3.7,4.3,5.9,5.3,4.8,4.5,4.5,29,29,29,27,27,32,28,20,22,21,26,32,39,31,49,46,25
Precinct 68,12,8.9,13,16,6.4,9.8,17,9.2,11,16,4.3,7.4,21,12,63,60,49,51,26,20,19,12,99,99,77,82,75189,88766,82411,75116,18,-7.2,-8.9,257,251,262,325,378,411,394,420,470,552,663,815,870,864,826,882,824,153,161,166,184,190,195,178,180,193,208,225,249,235,222,211,205,180,10,11,8.6,10,8.7,15,13,15,9.3,9.3,8.3,6.9,8.3,9,8.3,7.9,7.9,34,47,37,44,42,43,37,36,36,37,31,33,45,43,44,43,55
Precinct 69,9.3,7.6,8,12,5.8,7.1,1.1,8.7,11,7.1,8.3,9.1,10,18,52,52,50,51,29,26,22,10,99,99,81,80,86347,87685,101682,96706,1.5,16,-4.9,176,159,174,212,218,244,248,221,249,323,372,476,473,443,403,426,393,97,110,121,117,106,111,102,98,98,106,119,147,136,104,86,98,93,6.7,10,11,11,8.2,9.3,15,8.1,11,8.5,7.4,10,7.4,6.7,6.3,7.4,8.5,44,56,47,49,52,36,33,30,35,36,38,43,46,50,61,65,60
Precinct 70,11,7.3,11,10,6.3,9.2,0.6,8.2,11,11,5.5,8.7,11,17,55,56,52,54,31,24,19,9.3,99,99,85,83,79856,90539,97584,100283,13,7.8,2.8,118,121,131,151,161,180,195,177,182,231,269,332,350,336,302,312,283,63,77,85,76,78,89,90,81,69,78,81,98,99,85,66,69,60,16,11,13,12,15,16,19,9.4,12,7.4,7.9,10,7.4,11,12,14,12,59,82,59,70,58,45,53,38,35,37,39,48,53,69,71,63,88
Precinct 71,8.4,10,15,19,11,19,5.4,11,12,21,6.9,7.9,14,16,52,55,45,51,36,30,27,18,99,98,82,85,90485,81765,79419,100981,-9.6,-2.9,27,368,312,343,414,508,515,470,471,554,673,729,859,926,938,911,907,868,185,165,199,203,266,258,228,208,216,220,234,243,256,273,274,271,266,19,23,16,25,14,18,13,14,9,12,11,10,20,12,13,12,15,81,91,80,72,63,76,51,61,55,55,53,64,80,79,78,98,69
Precinct 72,21,19,24,26,27,40,34,21,16,21,9.2,12,13,15,51,50,44,50,41,41,30,17,99,98,61,68,67778,63346,70065,72272,-6.5,11,3.1,1172,1190,1282,1468,1690,1776,1720,1688,1823,2047,2188,2462,2747,2802,2705,2667,2459,751,790,838,859,1007,1057,988,907,899,928,929,940,1027,1030,1068,1019,976,24,19,21,22,19,25,20,21,19,14,17,20,17,16,15,16,14,68,67,66,82,80,82,67,66,50,52,47,70,51,68,86,82,65
Precinct 73,14,11,14,7.7,12,15,0,13,9.1,16,3.7,7.1,12,14,61,60,53,60,33,25,21,11,98,98,81,84,70846,84653,86325,100687,19,2,17,152,162,198,234,243,282,291,267,267,333,377,433,464,468,423,415,390,87,98,122,115,121,142,146,116,92,118,122,123,125,120,102,87,86,16,14,12,18,13,22,16,21,19,11,9.8,12,15,13,12,15,14,78,74,64,59,49,53,51,44,36,43,60,51,50,52,84,62,50
Precinct 74,23,20,25,28,29,37,35,26,17,25,5.8,11,13,20,55,56,50,53,43,38,33,17,98,96,53,56,64800,63542,52742,74501,-1.9,-17,41,936,911,943,1102,1252,1290,1241,1254,1263,1509,1704,1959,1990,2004,1880,1819,1723,540,508,554,530,567,607,609,545,559,586,614,654,617,594,537,481,453,16,17,16,15,16,19,18,13,14,17,12,10,14,12,13,15,14,52,51,54,48,48,49,32,48,47,42,45,34,52,55,73,65,55
Precinct 75,17,15,22,17,12,25,22,14,16,12,8.7,9.1,15,9.2,59,53,47,65,54,40,34,13,94,96,53,69,62930,63584,70990,101792,1,12,43,1040,982,1008,1135,1211,1182,1052,1017,1060,1211,1224,1388,1398,1360,1276,1210,1027,596,524,527,564,574,508,427,413,375,408,379,404,400,347,335,327,283,20,26,19,21,21,22,25,20,20,23,22,28,17,13,14,12,11,44,48,52,72,72,48,44,83,53,47,54,57,69,49,71,57,51
Precinct 76,34,27,38,46,35,51,52,23,32,39,7.7,12,29,23,44,44,39,39,49,48,28,20,94,96,42,49,35490,43094,41531,34161,21,-3.6,-18,577,668,719,783,923,942,904,900,1029,1076,1192,1333,1437,1490,1380,1259,1176,347,414,440,432,499,428,416,370,411,396,411,447,477,455,428,392,378,53,64,51,80,57,61,56,56,49,39,42,34,42,38,43,44,52,124,144,150,192,228,152,147,191,170,145,99,137,157,147,140,152,158
Precinct 77,20,21,29,26,27,43,41,27,22,17,8.9,11,20,17,49,52,39,52,59,46,42,15,95,96,56,63,55636,60467,60098,78043,8.7,-0.6,30,917,856,837,953,1133,1186,1127,1071,1189,1396,1517,1557,1600,1642,1420,1335,1182,586,501,476,539,682,674,582,519,560,562,500,507,494,505,443,412,350,28,24,18,25,20,26,18,18,18,18,13,16,20,17,16,19,19,51,45,43,44,47,43,46,51,47,45,48,39,48,52,64,53,52
Precinct 78,23,21,26,32,27,38,45,24,16,11,6.4,8.4,13,16,58,59,49,49,55,50,40,23,94,96,52,53,48116,47818,52587,39677,-0.6,10,-25,1169,1150,1181,1434,1698,1730,1635,1529,1687,1984,2159,2390,2434,2422,2180,2048,1843,727,693,679,776,900,856,838,712,771,814,760,803,826,802,751,700,599,23,21,25,23,26,22,19,20,16,11,15,13,17,12,16,15,18,39,38,42,45,43,41,42,36,31,32,35,42,43,45,49,49,44
Precinct 79,28,27,36,25,38,51,12,22,23,34,9,12,14,19,51,51,44,53,61,47,38,24,93,98,39,45,38735,45762,36694,52306,18,-20,43,898,954,1060,1254,1433,1475,1402,1414,1457,1611,1705,1862,1852,1845,1828,1793,1633,517,556,635,668,780,769,713,674,653,643,594,585,567,542,531,508,468,41,36,35,42,32,41,36,38,38,38,30,24,31,26,28,30,26,60,68,66,79,75,78,65,73,58,76,59,60,63,81,70,61,53
Precinct 80,19,11,18,31,11,27,47,10,11,22,7.6,8.4,12,13,33,17,23,20,50,40,36,20,90,97,71,68,58546,66567,75030,68656,14,13,-8.5,354,336,347,381,373,418,484,481,554,625,710,747,791,994,859,841,699,187,199,177,217,223,245,253,221,238,271,308,323,339,508,471,461,392,11,10,9.7,9.1,8.7,11,9.2,11,6.7,6.8,6.8,8.1,4.3,5.6,5.7,4.6,5.6,21,24,26,33,29,25,25,22,18,19,16,21,12,11,16,13,12
Precinct 81,20,18,26,16,30,36,19,23,19,22,10,10,14,12,57,59,49,63,54,40,33,14,95,97,58,71,56721,59804,59915,107510,5.4,0.2,79,1450,1391,1420,1565,1594,1644,1493,1423,1449,1557,1706,1889,1901,1861,1740,1654,1444,785,822,904,994,988,995,847,789,726,716,704,758,742,696,662,572,490,16,19,16,18,15,16,21,16,14,14,9.1,10,12,16,15,17,14,29,47,42,49,46,48,42,31,39,39,37,39,44,50,61,48,41
Precinct 82,25,23,23,9.8,10,40,3.5,30,29,27,12,17,15,7.6,45,54,48,74,52,40,31,8.1,98,97,58,68,58921,86487,62734,122466,47,-27,95,666,654,637,644,684,680,630,560,567,605,669,715,682,641,598,558,465,287,289,270,248,252,227,216,166,153,175,191,189,161,120,131,99,76,21,24,23,29,21,20,23,21,23,22,19,20,17,14,15,21,18,50,78,75,61,98,79,94,68,68,81,65,77,81,104,111,93,80
Precinct 83,23,17,22,14,18,29,15,29,22,20,15,11,14,5.8,47,58,53,78,54,39,29,4.9,97,97,68,68,59321,70289,71261,149115,18,1.4,109,1001,927,1100,1282,1566,1457,1171,1158,1156,1440,1535,1536,1448,1451,1299,1171,941,533,501,501,471,483,437,359,269,246,303,315,280,262,237,234,194,174,48,48,45,47,47,33,28,38,37,35,27,30,27,20,20,23,18,158,157,128,132,169,118,150,141,119,113,91,98,139,135,138,136,142
Precinct 84,18,10,7.5,5.1,7.9,14,0,17,17,2.4,3.3,3.2,4.2,3,59,77,78,79,34,15,9.5,3.7,99,99,81,81,89360,122716,123385,176869,37,0.5,43,176,209,461,859,1182,1260,1202,1188,1371,1612,1814,1914,1930,1878,1714,1651,1595,96,83,87,103,107,78,63,45,43,54,65,78,97,103,122,125,144,21,14,18,15,15,8.6,9.5,8.5,7.9,7.3,6.9,7.8,6,3.6,4.8,6,3,65,76,65,69,80,50,50,52,56,44,41,48,57,52,55,55,51
Precinct 85,14,7.5,5.4,3.4,9.8,7.7,0,5.4,6.9,3.3,5,3.3,5,2.2,68,80,74,80,30,13,8.2,2.6,100,98,78,78,78782,114537,151013,205070,45,32,36,170,157,267,434,564,608,595,589,662,754,847,868,889,871,795,767,752,58,54,66,63,69,68,61,49,36,34,40,27,41,49,60,58,70,10,10,11,8.9,7.7,6.6,8.7,8.8,8.7,6.3,3,5.3,4.1,3.9,2.1,3.9,4.3,52,98,75,72,80,86,46,44,47,36,30,42,66,53,48,46,37
Precinct 86,13,11,13,7.2,13,18,5.2,24,13,3.8,8,7.5,7.5,6.8,60,67,70,76,46,25,14,3.9,98,98,72,82,63856,85574,97921,141322,34,14,44,481,398,363,387,362,351,369,358,336,349,391,407,374,365,318,281,228,207,195,162,173,176,176,198,153,123,111,126,120,112,98,87,61,55,18,18,16,17,13,17,17,11,11,7.6,8.9,13,14,9.2,11,11,11,59,67,63,82,61,77,52,41,46,41,48,40,55,56,55,44,50
Precinct 87,18,15,24,9.7,24,35,13,13,20,5.1,8.6,10,14,8.9,53,59,51,71,53,36,25,9.6,97,98,58,81,69712,75765,73733,127891,8.7,-2.7,73,607,527,462,453,454,426,391,407,426,495,571,604,579,607,594,553,499,269,306,268,230,253,221,163,165,161,195,207,196,202,217,216,182,191,10,8.6,10,11,13,11,9.2,9.8,14,13,12,8,7.7,8.6,6.9,9.5,8.9,32,56,39,44,42,33,34,39,49,41,37,38,41,39,44,39,41
Precinct 88,11,7.4,4.9,3.9,5.8,3.7,0,18,12,1.2,3.6,3,0.9,3,75,79,80,77,23,9.5,5.2,2.6,99,97,83,86,117041,135636,155816,218587,16,15,40,227,136,92,55,70,64,62,71,66,70,73,85,100,96,92,90,78,17,17,19,25,35,31,26,26,23,27,18,21,28,20,22,19,15,10,13,14,15,8.6,9.8,7.3,6.9,6.2,7.7,5.5,7.1,3.7,5.5,2.5,7.7,3.4,49,70,52,48,39,47,30,38,56,68,41,44,31,45,43,31,31
Precinct 89,11,6.2,4.8,5.3,2.1,3.3,0.8,4.2,9.4,5.9,3.6,2,1.4,3.5,78,84,84,79,11,4.3,2.4,1.4,99,98,79,74,107135,178051,196614,243689,66,10,24,61,49,39,28,31,28,30,33,31,38,50,51,55,56,53,52,46,10,11,11,8,8,10,11,10,8,11,11,9,10,8,8,9,5,9.7,13,14,13,7.9,8,7.5,5.3,8,6.9,3.9,4.2,7.1,6,4.8,4.2,5.4,64,71,67,57,50,44,43,49,50,43,37,46,64,71,65,63,67
Precinct 90,18,9.3,14,5.1,11,39,0,19,9.5,11,6.3,2.3,5,3.3,74,87,80,78,28,12,7,3.8,100,97,73,75,84710,110310,122534,208683,30,11,70,81,90,100,101,95,95,92,88,101,99,104,144,144,139,127,105,96,39,40,44,52,40,45,40,29,41,37,28,24,32,33,32,28,25,20,17,18,18,9.6,9,8.4,11,7,11,7.3,5.3,11,4.7,9.7,9.3,8.3,86,109,95,71,81,57,50,63,59,68,57,50,79,99,114,123,102
Precinct 91,28,25,32,16,44,53,23,29,37,17,7.6,9.3,12,9,55,61,52,66,51,35,26,7.7,96,99,57,69,51640,63491,64490,131062,23,1.6,103,1507,1337,1242,1238,1275,1226,1234,1160,1185,1195,1287,1428,1449,1456,1356,1292,1161,814,839,732,712,774,748,653,612,585,552,541,551,559,501,478,423,394,21,20,20,18,15,16,17,21,21,20,17,11,13,11,9.1,14,13,56,75,60,48,51,47,35,55,63,66,56,55,63,77,74,82,67
Precinct 92,38,9.8,28,43,5.5,43,64,21,13,13,16,8.8,21,33,42,57,44,36,46,32,31,22,96,99,65,62,58809,85127,55983,42873,45,-34,-23,869,824,895,922,975,1086,1092,1041,1099,1303,1408,1557,1603,1646,1592,1590,1443,506,513,594,585,605,627,617,652,644,734,758,752,771,776,715,673,616,20,20,26,23,21,36,17,18,26,22,13,17,17,25,34,14,19,35,46,36,94,55,41,34,53,48,50,53,36,56,39,54,33,36
Precinct 93,19,21,18,26,31,22,24,22,18,16,11,11,16,19,53,55,41,46,50,38,24,12,92,99,66,51,50411,50755,59787,52629,0.7,18,-12,499,534,554,641,651,730,751,741,782,932,1016,1078,1096,1153,1127,1168,1081,279,322,350,380,361,384,367,373,379,416,437,435,428,425,416,410,380,26,33,26,26,28,29,15,20,24,21,29,25,31,39,39,34,24,87,97,69,122,74,61,72,57,50,56,67,60,50,69,96,80,68
Precinct 94,19,14,22,24,17,16,37,16,20,21,11,10,16,14,53,55,39,58,50,40,32,16,94,96,65,64,50425,50699,53323,50353,0.5,5.2,-5.6,597,638,662,767,779,873,898,886,935,1114,1215,1289,1310,1379,1347,1396,1293,333,385,419,455,432,459,439,446,452,497,522,520,512,507,497,491,454,16,18,12,18,13,11,15,12,15,18,17,16,16,20,19,17,16,42,47,63,81,54,54,51,60,49,40,60,48,51,44,64,47,34
Precinct 95,35,21,19,22,26,18,33,30,28,13,6.7,7.9,8,22,51,60,44,44,52,45,36,18,96,96,57,63,47840,60804,66368,65666,27,9.2,-1.1,556,561,619,672,712,795,841,822,848,943,1024,1154,1197,1253,1281,1277,1176,321,342,372,364,383,438,461,456,442,457,468,449,453,481,495,501,481,26,25,27,30,24,32,24,17,26,19,22,20,25,31,27,29,30,56,54,59,87,56,39,42,55,87,48,55,70,64,52,64,66,69
Precinct 96,35,38,36,30,54,48,32,29,27,26,25,12,22,30,42,45,36,45,53,49,35,24,92,96,48,57,60890,47112,44291,64456,-23,-6,46,1515,1414,1282,1187,1132,1233,1310,1317,1341,1465,1530,1693,1727,1757,1741,1749,1613,941,895,818,712,671,712,745,717,696,714,746,710,693,667,639,666,610,21,25,18,20,12,17,18,32,37,38,44,30,14,23,20,22,13,51,32,44,50,39,31,29,81,116,105,101,98,38,43,42,38,31
Precinct 97,33,36,41,29,52,62,51,28,19,19,12,14,18,13,46,42,32,43,52,44,43,23,94,98,57,56,48928,55247,44838,53050,13,-19,18,905,796,846,896,956,1001,1001,915,900,993,1050,1117,1238,1279,1242,1273,1161,545,487,550,576,595,614,586,503,488,519,467,484,492,497,493,482,450,31,24,30,30,19,26,23,18,30,35,24,17,20,30,30,23,19,37,41,44,56,42,26,36,37,58,58,36,64,55,52,44,41,34
Precinct 98,23,25,32,25,38,49,45,19,20,14,9.5,10,15,16,50,52,39,50,50,41,36,21,96,99,61,59,52386,58419,48436,53904,12,-17,11,632,588,607,643,706,744,777,760,748,821,890,970,1066,1088,1084,1120,1033,349,343,379,385,409,417,411,384,380,393,375,384,411,408,410,401,380,19,19,24,19,21,17,9.4,20,17,25,19,28,17,27,29,18,16,49,63,62,74,54,41,55,60,62,41,48,51,42,45,68,56,47
Precinct 99,17,17,25,21,26,37,40,14,20,10,8.1,8.2,13,18,53,58,44,55,49,39,31,19,97,99,64,61,54545,60431,50999,54776,11,-16,7.4,430,426,425,451,511,541,591,614,604,659,730,811,886,895,911,946,881,212,235,254,248,273,274,281,286,290,292,293,298,334,327,332,325,311,34,32,23,27,25,30,25,27,34,41,34,33,38,41,35,35,31,59,99,54,67,55,49,62,85,92,75,62,52,54,60,71,63,67
Precinct 100,33,33,33,42,44,34,48,13,59,40,8.7,10,14,18,56,51,50,52,51,54,35,21,99,98,51,44,38049,33394,36095,27680,-12,8.1,-23,1091,937,980,984,1032,1098,1094,1075,1062,1136,1317,1440,1464,1617,1664,1741,1616,620,539,533,517,509,555,522,590,537,534,590,597,633,640,654,668,626,7.5,16,13,16,14,17,13,12,14,13,14,14,9.5,14,20,13,17,40,43,44,61,52,45,27,48,44,48,38,29,31,39,38,34,32
Precinct 101,13,9,15,9.7,15,17,3.2,13,18,12,8.3,10,11,14,53,51,44,54,44,34,31,9.7,96,99,71,69,62690,64499,66573,70935,2.9,3.2,6.6,505,416,433,513,542,589,610,567,636,730,801,884,935,988,926,939,829,273,230,227,272,282,281,292,263,257,300,287,291,328,353,324,300,250,6.5,16,12,8.6,8.6,11,7.6,12,9.1,9.2,6.1,7.6,7.6,12,4.1,2,6.6,32,32,37,61,35,27,20,25,35,25,22,28,24,19,32,32,18
Precinct 102,12,11,21,17,11,27,3.3,23,18,10,7.7,8.9,14,20,62,59,46,46,41,35,22,20,98,99,58,61,65141,65116,57905,74601,0,-11,29,403,437,457,546,609,600,690,729,872,1069,1002,1129,1138,1112,1114,1164,1108,220,236,241,288,336,325,308,364,378,425,378,357,346,292,301,329,303,21,25,22,27,33,23,21,27,20,24,26,24,32,34,44,34,28,67,65,60,82,78,45,51,51,60,52,54,48,87,94,131,104,125
Precinct 103,30,29,38,40,47,55,54,11,20,31,10,11,22,24,53,54,41,42,48,35,32,22,95,95,48,44,50394,46549,45427,38072,-7.6,-2.4,-16,1653,1650,1668,1748,1843,2015,2144,2036,2012,2302,2533,2797,2977,3099,3003,2948,2677,1125,1184,1244,1161,1162,1198,1240,1150,1132,1181,1135,1198,1210,1232,1183,1131,1008,24,19,22,16,21,18,12,14,13,15,14,11,14,19,15,20,11,44,43,46,45,37,29,25,31,47,29,29,35,31,30,35,30,23
Precinct 104,22,24,32,31,39,44,42,11,26,19,8.3,8.9,18,19,63,60,46,52,46,41,36,18,93,96,54,57,48455,50983,45028,50078,5.2,-12,11,1292,1340,1401,1551,1684,1687,1650,1550,1539,1932,2285,2558,2673,2950,2849,2793,2615,793,900,909,903,1008,946,888,797,780,907,991,1052,1055,1131,1132,1071,1004,21,23,21,22,15,17,18,18,21,24,23,20,18,25,24,20,17,41,38,44,51,44,33,32,48,48,34,41,39,45,51,54,52,42
Precinct 105,27,28,39,23,39,57,40,36,28,14,7.9,12,18,17,53,47,41,57,52,47,42,14,95,98,48,71,52543,51190,46499,59210,-2.6,-9.2,27,1154,1149,1091,967,763,765,746,759,852,1079,1344,1528,1566,1672,1529,1508,1374,678,708,660,522,420,423,396,383,435,512,587,609,583,587,573,560,520,24,28,22,11,14,11,12,8.7,11,11,17,16,9,15,11,8.7,7.8,45,51,65,74,37,26,31,41,44,36,30,36,29,36,37,34,32
Precinct 106,19,10,19,27,14,28,43,14,11,13,8.1,12,12,19,61,59,48,45,38,31,26,10,98,97,73,66,67290,72997,68901,48666,8.5,-5.6,-29,635,638,785,892,1056,1101,1092,1143,1168,1280,1563,1785,1931,1983,1934,1864,1712,408,412,513,533,625,618,580,599,577,588,624,698,706,690,680,618,585,12,12,18,19,14,18,18,17,17,19,18,13,12,18,18,12,14,37,43,56,69,47,40,33,33,41,30,34,35,44,35,46,30,40
Precinct 107,26,28,32,47,41,47,58,25,15,47,9.5,7.1,17,24,57,59,48,41,47,38,38,22,96,97,51,44,46890,45403,40507,38011,-3.2,-11,-6.2,901,953,954,986,1117,1181,1212,1156,1140,1363,1539,1783,1935,1985,1886,1893,1779,631,673,678,596,655,673,673,596,564,630,643,692,720,715,677,683,643,24,24,16,22,14,16,16,14,15,13,22,22,22,22,24,21,21,40,42,53,36,27,38,19,28,39,30,37,31,38,33,30,39,32
Precinct 108,3.5,5.6,7.7,11,9,7.8,5.4,5.4,7.2,17,5,3.2,7.6,11,67,62,52,53,25,17,14,6.4,99,95,87,86,99468,100473,109696,108784,1,9.2,-0.8,97,96,138,153,179,175,169,181,179,215,263,306,351,388,384,374,350,51,55,74,86,91,98,83,83,71,81,78,92,105,113,130,124,114,2.4,3,3.7,4.4,5.8,3.9,8.7,5.5,2.8,4.3,3.7,5.9,8.1,3.7,5.9,7.3,8.1,23,42,51,69,47,30,22,27,20,39,29,27,35,38,42,34,23
Precinct 109,2.6,5,6.9,9.8,6.7,4.7,1.1,5.4,7.2,16,5.1,2.9,7.7,10,67,61,51,52,24,17,13,5.6,99,94,89,89,102254,103010,111634,113051,0.7,8.4,1.3,44,45,69,77,91,88,86,93,91,106,130,150,174,193,192,186,176,23,25,37,44,47,51,42,42,35,39,37,42,50,55,64,61,56,15,25,21,11,8,7.8,11,4.7,2.7,2.7,4.4,6.1,10,2.6,2.6,5.2,7,39,55,62,84,56,40,24,66,47,48,44,25,53,43,45,45,52
Precinct 110,11,8.2,14,16,10,23,24,13,12,12,3.3,2.4,12,11,63,68,50,55,28,22,21,14,98,98,72,78,77138,87448,71853,71940,13,-18,0.1,424,462,518,564,669,753,800,821,906,1134,1362,1705,1886,1972,1897,1944,1851,229,259,304,272,311,328,343,320,365,425,439,474,484,467,465,500,493,10,13,8.8,12,11,11,9.2,11,12,10,8.3,13,10,12,13,7.3,9.2,41,50,66,78,54,36,37,44,39,39,30,31,44,33,38,35,38
Precinct 111,13,12,15,23,21,21,33,14,11,24,4.2,5,8.6,19,65,68,58,51,36,28,22,14,97,97,66,65,63842,69458,88682,60719,8.8,28,-32,536,461,511,571,581,652,679,693,711,897,1077,1280,1401,1490,1431,1387,1324,290,291,305,292,272,292,326,340,297,347,396,458,493,511,531,468,464,22,21,19,17,17,15,18,19,20,13,10,11,18,17,20,19,16,49,49,50,56,40,37,30,42,40,46,41,40,53,64,74,47,46
Precinct 112,9.7,12,17,29,18,24,44,10,13,27,5.5,7.4,9.2,14,73,68,60,53,29,27,23,13,98,98,63,52,64058,65093,62388,50718,1.6,-4.2,-19,427,382,376,442,401,436,442,502,558,692,867,1009,1112,1173,1197,1233,1101,288,239,218,234,222,197,196,200,208,252,301,332,351,386,435,430,387,16,10,14,12,7.9,10,12,10,10,8.2,9.9,6.6,14,12,15,13,13,47,46,55,39,36,34,32,24,23,28,21,18,26,28,33,28,27
Precinct 113,9.5,11,16,20,18,27,33,11,11,17,4.2,3.1,8,10,66,68,58,59,26,19,19,13,97,98,69,73,76814,81525,76196,75611,6.1,-6.5,-0.8,328,329,365,386,416,449,429,413,432,588,699,862,967,1013,980,964,872,178,194,213,187,198,213,212,197,196,246,261,308,314,318,335,311,289,14,22,19,14,18,17,12,17,15,10,19,15,16,14,13,7.7,9.3,60,70,65,89,51,46,42,50,46,44,38,49,58,51,42,48,45
Precinct 114,32,33,38,48,44,50,63,33,30,22,11,14,22,18,53,51,45,43,44,48,33,19,96,96,49,50,45733,44603,39566,41372,-2.5,-11,4.6,2023,1966,2181,2438,2705,2742,2741,2693,2901,3339,3628,3995,4294,4472,4357,4532,4545,1352,1356,1465,1662,1815,1729,1655,1490,1491,1561,1552,1522,1621,1594,1635,1623,1671,24,23,25,24,20,21,22,31,30,16,25,25,24,20,21,18,21,45,47,43,44,47,36,37,48,37,47,38,47,46,53,54,52,53
Precinct 115,26,36,49,52,49,63,69,30,39,27,7.4,14,22,24,60,44,41,32,46,41,36,21,93,96,43,44,42591,40911,34482,37806,-3.9,-16,9.6,1539,1477,1469,1620,1758,1693,1678,1636,1792,2028,2283,2603,2864,2948,2750,2719,2542,1009,1083,1078,1041,1109,1051,974,941,1038,1147,1195,1240,1317,1324,1278,1163,1126,21,27,28,18,22,22,19,17,13,15,11,17,19,19,16,14,12,26,25,32,38,37,29,22,27,25,25,27,31,39,32,34,29,33
Precinct 116,38,31,36,35,41,44,45,32,29,32,7.6,16,20,20,61,52,46,46,43,44,39,16,97,96,48,48,37807,43702,38148,35537,16,-13,-6.8,1966,1831,1900,2108,2227,2255,2212,2350,2538,2990,3378,3679,3926,4078,3948,3876,3558,1363,1340,1402,1479,1522,1546,1406,1393,1518,1706,1656,1680,1772,1790,1732,1556,1378,19,16,19,19,12,20,18,18,16,19,22,15,18,18,15,15,15,28,30,34,33,36,36,34,43,45,41,44,33,34,34,31,37,32
Precinct 117,42,41,63,40,54,73,51,62,34,34,17,17,50,28,49,49,20,39,50,50,55,22,97,94,31,54,40623,33772,32459,47594,-17,-3.9,47,1743,1388,960,834,994,1049,1033,1019,704,786,919,1179,1301,1303,1261,1277,1205,1200,1034,746,657,698,696,690,674,384,409,396,416,445,446,453,424,389,25,20,19,19,17,17,19,18,12,16,18,14,26,24,25,28,27,30,23,28,34,24,24,30,34,25,36,32,23,47,56,61,49,52
Precinct 118,20,33,44,28,43,58,31,18,18,15,11,13,28,11,56,54,41,56,50,43,39,15,98,97,50,54,47586,43091,32181,39186,-9.4,-25,22,2088,1883,2020,2166,2245,2256,2161,2122,2290,2500,2657,2898,3039,3186,3077,3115,2995,1511,1458,1454,1481,1551,1479,1396,1337,1391,1492,1398,1416,1461,1494,1497,1380,1335,21,18,22,19,15,13,16,23,25,21,19,19,20,19,16,16,17,21,24,31,41,25,32,26,40,35,33,37,38,29,32,24,35,25
Precinct 119,37,35,50,46,55,61,58,20,29,24,13,16,29,19,33,35,33,42,58,51,46,23,97,95,38,41,40135,40836,31906,31642,1.7,-22,-0.8,2186,2007,2062,2269,2323,2529,2573,2565,2623,2800,3022,3279,3470,3688,3515,3410,2959,1382,1392,1317,1320,1334,1407,1334,1251,1229,1265,1301,1407,1452,1512,1429,1269,1068,27,28,27,30,32,26,31,37,25,31,26,36,38,29,27,28,28,43,50,37,36,35,40,37,50,56,60,46,64,72,58,55,62,49
Precinct 120,24,32,44,41,40,58,60,28,17,12,10,17,22,23,56,54,37,39,44,40,33,20,93,93,50,47,42509,48563,36012,43321,14,-26,20,1729,1565,1627,1715,1681,1397,1297,1324,1310,1555,1781,1960,2058,2067,2098,2078,1882,1160,1117,1124,1154,1168,938,820,815,805,841,906,898,880,864,884,800,735,26,26,29,27,25,22,25,26,32,28,33,30,25,19,17,19,14,31,45,42,47,44,32,29,43,53,38,47,43,25,28,21,22,23
Precinct 121,37,36,38,41,52,48,56,13,7.3,29,14,19,23,30,55,48,44,42,44,48,36,21,95,95,54,53,42917,40713,42796,42248,-5.1,5.1,-1.3,2355,2230,2326,2445,2400,1971,1849,1791,1960,2245,2520,2653,2791,2846,2876,2869,2846,1644,1542,1608,1638,1535,1259,1057,1020,1095,1151,1226,1160,1117,1111,1137,1127,1158,23,28,26,31,24,24,19,24,20,19,18,18,19,17,13,9.9,16,40,39,33,38,37,28,31,39,33,29,30,29,26,31,29,33,26
Precinct 122,18,21,33,36,31,42,52,5.7,35,14,12,10,20,28,64,66,46,47,37,33,30,17,96,95,57,57,55230,52690,47324,49197,-4.6,-10,4,771,705,635,582,653,709,705,769,874,964,1117,1295,1279,1278,1216,1225,1115,517,496,428,389,388,416,410,435,452,461,500,537,494,458,437,387,383,21,28,21,21,18,16,22,23,28,20,19,28,18,24,17,17,18,39,40,49,35,38,32,40,50,60,59,66,65,36,41,41,37,37
Precinct 123,11,13,11,18,15,17,22,11,3.9,12,9.1,8.3,9.7,12,70,74,64,61,27,19,18,10,96,96,78,75,56213,62572,68693,74658,11,9.8,8.7,864,876,952,1042,1158,1203,1182,1191,1215,1444,1693,1927,2018,2155,2214,2167,2011,539,586,617,668,742,713,629,640,656,692,752,762,760,795,839,768,686,14,16,17,15,14,15,14,17,19,17,18,19,21,24,19,20,15,17,19,27,24,23,25,30,29,33,31,36,45,32,41,39,33,29
Precinct 124,22,20,31,42,28,49,58,19,16,31,10,11,19,27,64,63,48,44,31,37,28,15,95,97,55,56,51114,51369,50506,43352,0.5,-1.7,-14,931,866,911,988,943,993,1077,1111,1284,1523,1747,2037,2259,2432,2447,2592,2436,583,539,602,624,560,544,558,586,664,695,713,782,834,926,976,940,920,28,25,20,25,14,18,16,16,15,21,17,15,21,21,18,18,19,35,44,47,45,36,48,40,56,48,41,40,31,47,46,42,35,42
Precinct 125,28,32,39,37,42,46,49,35,26,26,11,13,22,34,63,56,42,42,38,44,39,18,94,94,49,42,43178,41210,47248,33980,-4.6,15,-28,2806,2567,2690,2927,3179,3273,3194,3057,3283,3935,4458,4865,5168,5343,5328,5268,5010,1863,1806,1896,1975,2071,2122,1861,1721,1828,2053,2166,2210,2286,2338,2297,2161,2182,28,23,27,29,22,23,17,23,23,25,20,21,17,16,14,15,15,36,35,40,43,40,35,42,51,48,47,46,36,38,43,30,32,34
Precinct 126,21,18,28,40,27,34,47,15,20,20,8.3,10,24,25,59,64,49,45,36,31,27,15,95,96,58,52,53605,55067,56641,53961,2.7,2.9,-4.7,1499,1394,1463,1629,1570,1673,1836,2052,2206,2597,3014,3329,3496,3691,3832,3908,3920,996,997,1049,1103,963,989,945,1096,1126,1172,1206,1259,1285,1314,1395,1370,1510,20,17,17,13,12,12,12,19,17,14,14,15,13,14,14,10,7.8,31,48,46,38,28,37,44,46,50,53,46,32,34,25,29,23,21
Precinct 127,29,23,25,19,50,38,38,12,26,9.4,8.1,10,9.6,7.4,58,65,49,61,27,19,26,8.5,98,97,61,62,71154,85128,53339,85337,20,-37,60,1103,1057,1042,1180,1278,1293,1285,1228,1361,1446,1625,1710,1750,1744,1697,1663,1469,648,642,597,652,699,676,666,611,635,676,697,679,657,627,591,521,456,12,9.9,11,11,11,11,13,14,12,7.7,8.4,10,7.5,7.7,6.8,6.5,9.1,33,30,32,25,22,28,25,29,24,18,23,23,28,32,22,23,31
Precinct 128,14,19,21,12,46,48,17,7.6,4.7,4,3.9,8.4,11,9,80,70,66,71,6.8,13,14,7.1,99,97,57,53,97618,76243,69995,110420,-22,-8.2,58,545,547,598,628,717,679,630,578,587,658,742,812,859,833,816,792,735,299,279,275,279,329,323,285,266,260,262,294,294,301,323,312,285,275,24,21,19,21,19,16,16,23,14,14,10,11,11,9.1,6.6,12,9.3,81,84,71,64,47,45,57,46,35,30,33,41,49,48,53,62,61
Precinct 129,38,32,23,14,38,24,15,54,39,21,7.2,14,6.5,5,55,57,65,80,53,49,32,11,96,98,51,52,47348,40950,81003,127164,-14,98,57,323,338,378,422,442,457,461,375,358,372,406,446,482,510,483,468,449,122,124,145,158,158,160,141,115,104,105,110,112,129,137,112,95,89,120,114,64,68,50,39,49,48,45,42,37,38,32,31,27,34,32,831,699,521,396,312,270,288,298,308,283,224,244,308,300,362,319,373
Precinct 130,10,4.7,4.7,7.9,2.2,5.7,2.1,1.5,5.5,0,2.9,1.3,1.3,3.1,78,87,85,81,11,3.6,2.2,2,99,97,76,70,110631,152749,182416,225909,38,19,24,20,20,16,15,14,14,16,14,11,15,20,23,23,23,18,20,14,6,6,5,s,s,s,6,5,s,s,5,s,s,s,s,s,0,13,12,10,5.2,5.6,2.5,4,1.5,4.4,3.9,3.8,4.3,8.1,5.3,5.3,3.4,4.8,103,94,82,66,26,33,29,55,49,42,31,46,60,52,56,47,56
Precinct 131,52,54,62,12,63,78,15,64,73,33,25,21,33,6,34,47,24,80,71,53,55,4.1,90,98,14,68,30467,34135,31337,133537,12,-8.2,326,819,815,777,804,529,221,111,101,127,164,208,273,318,417,434,435,403,470,446,396,400,258,109,45,21,28,31,36,36,47,101,111,98,99,60,69,69,58,35,28,13,9.2,9.2,8.1,6.8,5.7,8.6,10,5.4,8.2,13,267,296,208,137,109,91,116,77,53,44,44,47,53,58,71,79,96
Precinct 132,21,19,22,31,27,28,50,24,14,8.4,5.4,5.1,7.9,33,68,64,53,38,39,42,26,18,94,92,55,40,46206,53183,46726,43889,15,-12,-6.1,852,847,846,869,906,881,917,929,1023,1208,1347,1567,1708,1867,1790,1704,1588,535,568,569,485,480,468,428,415,444,526,526,558,607,638,600,555,548,18,18,22,19,14,12,13,11,19,14,13,16,22,20,23,17,13,43,41,61,55,35,32,26,28,42,35,32,32,41,47,41,46,35
Precinct 133,21,14,21,24,17,26,38,33,18,21,7.9,11,19,17,60,63,45,51,42,33,32,12,96,99,61,61,57232,69615,65006,59906,22,-6.6,-7.8,341,344,389,457,458,523,539,532,564,623,687,757,804,798,765,772,702,195,207,235,258,277,299,275,268,277,294,280,284,312,309,299,290,287,15,20,23,16,15,10,12,20,13,14,14,16,15,17,11,10,17,51,54,57,46,42,29,34,35,37,32,28,32,43,45,64,49,38
Precinct 134,26,30,40,50,43,55,63,22,39,38,7.2,15,19,25,59,49,44,35,41,41,31,17,97,95,51,51,47789,46794,45820,50043,-2.1,-2.1,9.2,995,983,1012,1079,1135,1125,1029,1022,1061,1234,1408,1611,1753,1822,1808,1778,1639,602,694,728,688,671,630,524,524,581,642,687,681,705,701,737,698,655,32,31,30,34,36,29,28,30,25,25,27,20,24,26,19,18,10,39,45,53,56,44,37,33,61,45,49,44,43,42,45,41,38,21
Precinct 135,20,14,24,9.5,12,35,6.1,15,23,6.9,8.6,10,14,6.3,51,59,53,80,48,33,28,4.9,97,99,66,74,62174,74828,71977,133424,20,-3.8,85,522,496,495,533,575,609,511,523,520,608,637,770,745,721,633,599,507,291,269,277,269,309,300,232,235,241,230,217,236,213,186,165,146,137,14,16,16,15,9.8,12,9.3,10,13,14,7.3,6.8,8.1,7.3,4,6.6,11,38,50,44,64,47,38,42,38,36,29,39,38,45,33,43,43,31
Precinct 136,4.2,7,6,6.4,0,0,17,14,3.4,0,2.9,1.9,3.6,2.3,75,78,78,82,9.2,6.7,5.5,1.7,100,100,69,62,125213,145222,167285,226260,16,15,35,s,s,s,s,6,s,s,8,5,s,s,5,s,s,s,6,0,0,0,0,s,0,0,s,s,s,0,0,0,0,0,0,0,0,3.1,8.6,2.4,4.2,3.6,3.6,1.8,4.1,2.9,4.1,2.9,6.3,2.9,2.3,1.2,1.2,0,39,35,34,40,23,25,20,28,33,26,20,23,21,9.8,12,10,9.2
Precinct 137,33,17,21,13,21,31,27,20,42,45,12,13,4.6,3.7,48,56,66,83,48,33,26,5.6,97,96,59,64,49374,62968,62811,204232,28,-0.3,225,120,100,101,102,95,84,85,77,81,87,102,122,127,118,104,95,82,55,54,46,51,47,36,31,26,27,24,26,21,22,25,18,19,12,37,46,43,37,39,35,47,45,38,34,35,45,55,42,29,35,34,226,158,185,138,199,161,155,171,203,163,117,125,187,215,214,231,257
Precinct 138,8.4,5.2,8.2,6.7,0,4.4,6.1,6,3.2,0.4,4.7,0.9,1,3.4,55,69,71,78,11,6.5,2.6,1.6,100,98,81,74,190423,272430,297215,278837,43,9.1,-6.2,6,5,6,7,11,11,16,10,12,18,23,28,22,25,31,30,28,0,0,0,0,s,0,0,5,s,6,s,10,5,6,7,s,8,0.7,2,2.9,0.5,0.5,1.4,1.9,0.7,0.9,0.2,1.4,0.7,0,0.2,0.2,0,0,24,23,18,26,26,16,17,20,19,17,10,17,9.1,7.7,6.8,9.6,6.1
Precinct 139,22,22,24,18,0,5.8,0,44,43,38,8.5,10,10,10,46,44,37,43,47,43,34,17,100,99,58,69,78053,81869,69733,85413,4.9,-15,22,253,234,234,249,258,277,296,298,313,358,435,554,628,663,605,640,688,67,66,68,72,74,81,96,74,69,65,88,99,106,114,96,91,117,5.1,3.8,9.5,6.9,9.2,6.7,5,11,5.3,7.8,2.6,5.5,5.1,5.5,2.9,4.4,2.9,28,37,30,45,42,28,28,42,53,48,56,41,39,50,60,36,37
Precinct 140,21,14,21,24,17,26,38,33,18,21,7.9,11,19,17,60,63,45,51,42,33,32,12,96,99,61,61,57232,69615,65006,59906,22,-6.6,-7.8,533,537,607,714,715,816,842,830,881,973,1073,1181,1256,1245,1193,1205,1095,304,324,366,402,432,466,429,418,432,458,438,444,487,483,466,453,448,24,27,24,24,19,27,29,18,20,19,18,20,29,33,23,25,24,61,66,47,46,30,26,34,36,45,40,34,43,57,66,65,57,56
Precinct 141,23,12,13,7.3,20,34,16,33,24,24,5.3,2.8,3.3,5,60,78,80,85,31,23,15,6,99,96,52,51,59110,90341,122304,137867,53,35,13,192,185,184,171,183,179,167,149,140,161,204,219,220,219,202,170,155,85,79,67,65,71,70,59,59,48,45,50,42,42,45,35,25,21,13,11,7.8,8.6,9.1,8.4,8.7,13,8.5,8.6,9.1,6.8,7,10,5.7,3.9,4.4,46,47,50,53,46,41,57,50,47,56,42,57,67,55,75,67,69
Precinct 142,3.7,5.8,12,6.9,0,38,30,6.5,8.6,3.1,2.9,2.8,4.8,5.2,84,78,71,75,3.6,2.6,5.3,5.3,98,97,67,66,149921,120656,118261,138594,-20,-2,17,35,33,44,38,54,45,40,38,44,40,53,55,56,60,45,50,46,16,16,21,21,22,19,12,10,12,11,10,8,7,7,s,s,s,15,18,15,12,11,15,23,15,12,11,11,13,5.7,10,7.2,5.3,4.8,159,166,101,88,102,106,117,87,87,93,67,67,71,71,77,66,65
Precinct 143,25,40,33,15,19,33,15,64,56,27,10,19,14,5.4,59,46,56,76,42,38,33,9.4,98,98,45,45,70398,39521,106929,185830,-44,171,74,467,409,456,573,638,645,593,411,334,346,355,385,377,371,344,339,306,48,39,44,47,47,40,32,29,16,15,15,19,25,24,23,21,20,31,27,24,22,12,10,11,13,12,8.9,8.1,11,11,8.4,9.1,8.6,9.6,273,199,175,105,64,58,69,65,56,48,43,57,73,63,72,58,76
